[
  { "url": "https://mint.cubabitcoin.org" },
  { "url": "https://mint.minibits.cash/Bitcoin" },
  { "url": "https://21mint.me" },
  { "url": "https://stablenut.umint.cash" },
  { "url": "https://mint.lnvoltz.com" },
  { "url": "https://mint.coinos.io" },
  { "url": "https://mint.lnwallet.app" },
  { "url": "https://bitcointxoko.com/cashu/api/v1/dMk78c5aR7uhHzcqH3Bwqp" },
  { "url": "https://mint.lnfast.com" },
  { "url": "https://mint.lnserver.com" },
  { "url": "https://mint.0xchat.com" },
  { "url": "https://mint.nutmix.cash" },
  { "url": "https://mint.belgianbitcoinembassy.org" },
  { "url": "https://mint.fredix.xyz" },
  { "url": "https://mint.westernbtc.com" },
  { "url": "https://mint2.nutmix.cash" },
  { "url": "https://mint.lnw.cash" },
  { "url": "https://mint.103100.xyz" },
  { "url": "https://mint.lnwasanee.com" },
  { "url": "https://mint.agorist.space" },
  { "url": "https://cashu.boats" },
  { "url": "https://kashu.me" }
]
